Component,Ag,Al,B,Ba,Bi,C,Ca,Fe,Hf,Ho,K,Li,Mn,Na,Nb,O,Pr,Sb,Sc,Sr,Ta,Ti,Zn,Zr,Avg_AtomicMass,Avg_AtomicRadius,Avg_Electronegativity,Avg_Valence,d33 (pC/N)
KNbO3,0.0,0.0,0.0,0.0,0.0,0.0,0.0,0.0,0.0,0.0,1.0,0.0,0.0,0.0,1.0,3.0,0.0,0.0,0.0,0.0,0.0,0.0,0.0,0.0,36.001999999999995,110.6,2.548,4.8,66.4
Na0.55K0.45NbO3,0.0,0.0,0.0,0.0,0.0,0.0,0.0,0.0,0.0,0.0,0.45,0.0,0.0,0.55,1.0,3.0,0.0,0.0,0.0,0.0,0.0,0.0,0.0,0.0,34.2299,106.09,2.5601,4.8,141.3
0.965K0.45Na0.55Nb0.93Sb0.07O3-0.035Bi0.5Na0.5HfO3,0.0,0.0,0.0,0.0,0.0175,0.0,0.0,0.0,0.035,0.0,0.43424999999999997,0.0,0.0,0.54825,0.89745,3.0,0.0,0.06755,0.0,0.0,0.0,0.0,0.0,0.0,35.81894200000001,105.86579000000002,2.5682410000000004,4.807000000000001,408.0
0.965K0.45Na0.55Nb0.96Sb0.04O3-0.035Bi0.5Na0.5HfO3,0.0,0.0,0.0,0.0,0.0175,0.0,0.0,0.0,0.035,0.0,0.43424999999999997,0.0,0.0,0.54825,0.9263999999999999,3.0,0.0,0.0386,0.0,0.0,0.0,0.0,0.0,0.0,35.6519005,105.90053,2.5656355000000004,4.807000000000001,418.0
(K0.44Na0.52Li0.04)(Nb0.84Ta0.10Sb0.06)O3,0.0,0.0,0.0,0.0,0.0,0.0,0.0,0.0,0.0,0.0,0.44,0.04,0.0,0.52,0.84,3.0,0.0,0.06,0.0,0.0,0.1,0.0,0.0,0.0,36.176280000000006,105.66400000000003,2.5641200000000004,4.800000000000001,416.0
0.96(K0.48Na0.52)(Nb0.95Sb0.05)O3-0.04Bi0.5(Na0.7K0.2Li0.1)0.5ZrO3 ,0.0,0.0,0.0,0.0,0.02,0.0,0.0,0.0,0.0,0.0,0.4648,0.002,0.0,0.5132,0.9119999999999999,3.0,0.0,0.048,0.0,0.0,0.0,0.0,0.0,0.04,35.27856559999999,106.13216,2.5663144,4.808,380.0
0.97(K0.5Na0.5)(Nb0.96Sb0.04)O3-0.03(Bi0.5Na0.5)(Zr0.8Ti0.2)O3 ,0.0,0.0,0.0,0.0,0.015,0.0,0.0,0.0,0.0,0.0,0.485,0.0,0.0,0.5,0.9311999999999999,3.0,0.0,0.0388,0.0,0.0,0.0,0.006,0.0,0.024,35.06235599999999,106.30883999999999,2.5647239999999996,4.805999999999999,323.0
0.96(K0.5Na0.5)(Nb0.96Sb0.04)O3-0.02(Bi0.5Na0.5)(Zr0.8Ti0.2)O3-0.02CaZrO3,0.0,0.0,0.0,0.0,0.01,0.0,0.02,0.0,0.0,0.0,0.48,0.0,0.0,0.49,0.9216,3.0,0.0,0.0384,0.0,0.0,0.0,0.004,0.0,0.036000000000000004,34.940268,106.37552000000001,2.5633640000000004,4.804,253.0
0.965K0.45Na0.55Nb0.96Sb0.04O3-0.035(Bi0.75Ho0.25)0.5Na0.5HfO3,0.0,0.0,0.0,0.0,0.013125000000000001,0.0,0.0,0.0,0.035,0.004375,0.43424999999999997,0.0,0.0,0.54825,0.9263999999999999,3.0,0.0,0.0386,0.0,0.0,0.0,0.0,0.0,0.0,35.61335675,105.91803000000002,2.5649442500000004,4.805250000000001,450.0
0.9575(K0.48Na0.52)(Nb0.96Sb0.04)O3–0.0425[Bi0.5(Na0.7Ag0.3)0.5]0.90 Zn0.10ZrO3,0.1292625,0.0,0.0,0.0,0.430875,0.0,0.0,0.0,0.0,0.0,0.4596,0.0,0.0,0.7995125,0.9192,2.8725,0.0,0.0383,0.0,0.0,0.0,0.0,0.0,0.0,48.92069491525424,115.19830508474574,2.4199491525423724,4.52542372881356,425.0
0.99(K0.48Na0.52)(Nb0.96Sb0.04)O3–0.01[Bi0.5(Na0.7Ag0.3)0.5]0.90 Zn0.10ZrO3,0.13365000000000002,0.0,0.0,0.0,0.4455,0.0,0.0,0.0,0.0,0.0,0.47519999999999996,0.0,0.0,0.82665,0.9503999999999999,2.9699999999999998,0.0,0.0396,0.0,0.0,0.0,0.0,0.0,0.0,48.92069491525424,115.19830508474577,2.419949152542373,4.52542372881356,182.0
0.98(K0.48Na0.52)(Nb0.96Sb0.04)O3–0.02[Bi0.5(Na0.7Ag0.3)0.5]0.90 Zn0.10ZrO3,0.1323,0.0,0.0,0.0,0.441,0.0,0.0,0.0,0.0,0.0,0.4704,0.0,0.0,0.8182999999999999,0.9408,2.94,0.0,0.0392,0.0,0.0,0.0,0.0,0.0,0.0,48.92069491525424,115.19830508474574,2.419949152542373,4.52542372881356,215.0
0.96(K0.48Na0.52)(Nb0.96Sb0.04)O3–0.04[Bi0.5(Na0.7Ag0.3)0.5]0.90 Zn0.10ZrO3,0.1296,0.0,0.0,0.0,0.432,0.0,0.0,0.0,0.0,0.0,0.4608,0.0,0.0,0.8016,0.9216,2.88,0.0,0.0384,0.0,0.0,0.0,0.0,0.0,0.0,48.92069491525424,115.19830508474575,2.4199491525423733,4.52542372881356,355.0
K0.5Na0.5NbO3,0.0,0.0,0.0,0.0,0.0,0.0,0.0,0.0,0.0,0.0,0.5,0.0,0.0,0.5,1.0,3.0,0.0,0.0,0.0,0.0,0.0,0.0,0.0,0.0,34.391,106.5,2.559,4.8,151.0
Li0.04(Na0.5K0.5)0.96NbO3,0.0,0.0,0.0,0.0,0.0,0.0,0.0,0.0,0.0,0.0,0.48,0.04,0.0,0.48,1.0,3.0,0.0,0.0,0.0,0.0,0.0,0.0,0.0,0.0,34.198159999999994,106.064,2.5598400000000003,4.8,145.0
Li0.06(Na0.5K0.5)0.94NbO3,0.0,0.0,0.0,0.0,0.0,0.0,0.0,0.0,0.0,0.0,0.47,0.06,0.0,0.47,1.0,3.0,0.0,0.0,0.0,0.0,0.0,0.0,0.0,0.0,34.10173999999999,105.846,2.5602600000000004,4.8,210.0
0.96K0.48Na0.52Nb0.96Sb0.04O3-0.04Bi0.525Na0.5ZrO3 ,0.0,0.0,0.0,0.0,0.021,0.0,0.0,0.0,0.0,0.0,0.4608,0.0,0.0,0.5192,0.9216,3.0,0.0,0.0384,0.0,0.0,0.0,0.0,0.0,0.04,35.251451309738044,106.1344531093781,2.5654093181363726,4.808038392321535,522.0
0.954K0.48Na0.52NbO3–0.006BiFeO3–0.04Bi0.5Na0.5ZrO3,0.0,0.0,0.0,0.0,0.0,0.0,0.0,0.0,0.0,0.0,0.45791999999999994,0.0,0.0,0.49608,0.954,2.862,0.0,0.0,0.0,0.0,0.0,0.0,0.0,0.0,34.32656,106.336,2.5594400000000004,4.800000000000001,428.0
(K0.5Na0.5)0.97Ag0.03NbO3 ,0.03,0.0,0.0,0.0,0.0,0.0,0.0,0.0,0.0,0.0,0.485,0.0,0.0,0.485,1.0,3.0,0.0,0.0,0.0,0.0,0.0,0.0,0.0,0.0,34.85195,106.125,2.5653300000000003,4.8,149.0
0.95K0.45Na0.55NbO3-0.05Bi0.5Na0.5HfO3,0.0,0.0,0.0,0.0,0.025,0.0,0.0,0.0,0.05,0.0,0.4275,0.0,0.0,0.5475,0.95,2.9999999999999996,0.0,0.0,0.0,0.0,0.0,0.0,0.0,0.0,35.943155000000004,105.88550000000002,2.5630450000000002,4.8100000000000005,385.0
0.958K0.40Na0.60NbO3-0.012BiScO3-0.03Bi0.5(Na0.6K0.3Li0.1)0.5HfO3,0.0,0.0,0.0,0.0,0.027,0.0,0.0,0.0,0.03,0.0,0.3877,0.0015,0.0,0.5838,0.958,2.9999999999999996,0.0,0.0,0.012,0.0,0.0,0.0,0.0,0.0,35.42710040000001,105.52334,2.5649956,4.8108,362.0
0.99(K0.48Na0.52)(Nb0.97Sb0.03)O3 - 0.01(Bi0.5Zn0.25)ZrO3 ,0.0,0.0,0.0,0.0,0.005,0.0,0.0,0.0,0.0,0.0,0.47519999999999996,0.0,0.0,0.5148,0.9602999999999999,2.9999999999999996,0.0,0.029699999999999997,0.0,0.0,0.0,0.0,0.0025,0.01,34.692119459729874,106.19309654827416,2.5639455727863933,4.804402201100549,308.0
K0.622Na0.378NbO3,0.0,0.0,0.0,0.0,0.0,0.0,0.0,0.0,0.0,0.0,0.622,0.0,0.0,0.378,1.0,3.0,0.0,0.0,0.0,0.0,0.0,0.0,0.0,0.0,34.78408399999999,107.50039999999998,2.556316,4.8,161.0
0.948(K0.5Na0.5)NbO3–0.052LiSbO3,0.0,0.0,0.0,0.0,0.0,0.0,0.0,0.0,0.0,0.0,0.474,0.0,0.0,0.474,0.948,2.844,0.0,0.0,0.0,0.0,0.0,0.0,0.0,0.0,34.391,106.49999999999999,2.5589999999999997,4.800000000000001,265.0
0.96K0.48Na0.52NbO3-0.03Bi0.5(Na0.7K0.2Li0.1)0.5ZrO3-0.01B0.5Na0.5TiO3,0.0,0.0,0.005,0.0,0.015,0.0,0.0,0.0,0.0,0.0,0.4638,0.0015,0.0,0.5146999999999999,0.96,2.9999999999999996,0.0,0.0,0.0,0.0,0.0,0.01,0.0,0.03,34.715118600000004,106.08496000000002,2.5624514,4.806,285.0
0.88K0.5Na0.5NbO3-0.05CaZrO3-0.07LiNbO3 ,0.0,0.0,0.0,0.0,0.0,0.0,0.05,0.0,0.0,0.0,0.44,0.07,0.0,0.44,0.95,3.0,0.0,0.0,0.0,0.0,0.0,0.0,0.0,0.05,34.12698,105.782,2.55902,4.8,216.0
0.96K0.5Na0.5NbO3-0.04CaZrO3,0.0,0.0,0.0,0.0,0.0,0.0,0.04,0.0,0.0,0.0,0.48,0.0,0.0,0.48,0.96,3.0,0.0,0.0,0.0,0.0,0.0,0.0,0.0,0.04,34.44976,106.53599999999999,2.55784,4.8,154.0
0.95(K0.42Na0.58)NbO3-0.05LiSbO3,0.0,0.0,0.0,0.0,0.0,0.0,0.0,0.0,0.0,0.0,0.39899999999999997,0.05,0.0,0.5509999999999999,0.95,2.9999999999999996,0.0,0.05,0.0,0.0,0.0,0.0,0.0,0.0,34.193578,105.2718,2.566222,4.8,270.0
Na0.5K0.5NbO3,0.0,0.0,0.0,0.0,0.0,0.0,0.0,0.0,0.0,0.0,0.5,0.0,0.0,0.5,1.0,3.0,0.0,0.0,0.0,0.0,0.0,0.0,0.0,0.0,34.391,106.5,2.559,4.8,148.0
KNbO3,0.0,0.0,0.0,0.0,0.0,0.0,0.0,0.0,0.0,0.0,1.0,0.0,0.0,0.0,1.0,3.0,0.0,0.0,0.0,0.0,0.0,0.0,0.0,0.0,36.001999999999995,110.6,2.548,4.8,74.0
Li0.02K0.98NbO3,0.0,0.0,0.0,0.0,0.0,0.0,0.0,0.0,0.0,0.0,0.98,0.02,0.0,0.0,1.0,3.0,0.0,0.0,0.0,0.0,0.0,0.0,0.0,0.0,35.873360000000005,110.3,2.54864,4.8,82.0
Li0.04K0.96NbO3,0.0,0.0,0.0,0.0,0.0,0.0,0.0,0.0,0.0,0.0,0.96,0.04,0.0,0.0,1.0,3.0,0.0,0.0,0.0,0.0,0.0,0.0,0.0,0.0,35.74472,110.0,2.5492800000000004,4.8,81.0
Li0.06K0.94NbO3,0.0,0.0,0.0,0.0,0.0,0.0,0.0,0.0,0.0,0.0,0.94,0.06,0.0,0.0,1.0,3.0,0.0,0.0,0.0,0.0,0.0,0.0,0.0,0.0,35.61608,109.7,2.54992,4.8,40.0
0.96K0.46Na0.54Nb0.95Sb0.05O3-0.04Bi0.5(Na0.82K0.18)0.5ZrO3,0.0,0.0,0.0,0.0,0.02,0.0,0.0,0.0,0.0,0.0,0.4452,0.0,0.0,0.5347999999999999,0.9119999999999999,3.0,0.0,0.048,0.0,0.0,0.0,0.0,0.0,0.04,35.22183439999999,105.98504,2.5667256000000003,4.808,465.0
(K0.44Na0.52Li0.04)(Nb0.86Ta0.10Sb0.04)O3,0.0,0.0,0.0,0.0,0.0,0.0,0.0,0.0,0.0,0.0,0.44,0.04,0.0,0.52,0.86,3.0,0.0,0.04,0.0,0.0,0.1,0.0,0.0,0.0,36.060880000000004,105.68800000000003,2.5623200000000006,4.800000000000001,416.0
(K0.44Na0.52Li0.04)(Nb0.84Ta0.1Sb0.06)O3,0.0,0.0,0.0,0.0,0.0,0.0,0.0,0.0,0.0,0.0,0.44,0.04,0.0,0.52,0.84,3.0,0.0,0.06,0.0,0.0,0.1,0.0,0.0,0.0,36.176280000000006,105.66400000000003,2.5641200000000004,4.800000000000001,345.0
(K0.45Na0.55)0.98Li0.02(Nb0.77Ta0.18Sb0.05)O3,0.0,0.0,0.0,0.0,0.0,0.0,0.0,0.0,0.0,0.0,0.441,0.02,0.0,0.539,0.77,3.0,0.0,0.05,0.0,0.0,0.18,0.0,0.0,0.0,37.59464200000001,105.82020000000001,2.561398,4.800000000000001,413.0
(K0.52Na0.40)(Nb0.83Sb0.09)O3–0.08LiTaO3,0.0,0.0,0.0,0.0,0.0,0.0,0.0,0.0,0.0,0.0,0.52,0.0,0.0,0.4,0.83,3.0,0.0,0.09,0.0,0.0,0.0,0.0,0.0,0.0,34.215227272727276,104.5909090909091,2.609690082644628,4.859504132231405,400.0
(Na0.52K0.48)(Nb0.91Sb0.01)O3,0.0,0.0,0.0,0.0,0.0,0.0,0.0,0.0,0.0,0.0,0.48,0.0,0.0,0.52,0.91,3.0,0.0,0.01,0.0,0.0,0.0,0.0,0.0,0.0,33.43262195121952,105.67886178861788,2.5759552845528457,4.796747967479675,230.0
K0.334Na0.666NbO3,0.0,0.0,0.0,0.0,0.0,0.0,0.0,0.0,0.0,0.0,0.334,0.0,0.0,0.666,1.0,3.0,0.0,0.0,0.0,0.0,0.0,0.0,0.0,0.0,33.856148,105.13879999999999,2.562652,4.8,105.0
K0.455Na0.545NbO3,0.0,0.0,0.0,0.0,0.0,0.0,0.0,0.0,0.0,0.0,0.455,0.0,0.0,0.545,1.0,3.0,0.0,0.0,0.0,0.0,0.0,0.0,0.0,0.0,34.24601,106.131,2.55999,4.8,142.0
0.94(K0.40Na0.60)NbO3–0.06LiSbO3,0.0,0.0,0.0,0.0,0.0,0.0,0.0,0.0,0.0,0.0,0.376,0.0,0.0,0.564,0.94,2.82,0.0,0.0,0.0,0.0,0.0,0.0,0.0,0.0,34.0688,105.68,2.5612000000000004,4.8,280.0
(Na0.52K0.44Li0.04)Nb0.87Sb0.08Ta0.05O3,0.0,0.0,0.0,0.0,0.0,0.0,0.0,0.0,0.0,0.0,0.44,0.04,0.0,0.52,0.87,3.0,0.0,0.08,0.0,0.0,0.05,0.0,0.0,0.0,35.41128,105.63999999999999,2.56692,4.8,376.0
K0.538Na0.462NbO3,0.0,0.0,0.0,0.0,0.0,0.0,0.0,0.0,0.0,0.0,0.538,0.0,0.0,0.462,1.0,3.0,0.0,0.0,0.0,0.0,0.0,0.0,0.0,0.0,34.513436,106.8116,2.558164,4.8,145.0
(K0.50Na0.50)0.97Bi0.01(Nb0.98Zr0.02)O3,0.0,0.0,0.0,0.0,0.01,0.0,0.0,0.0,0.0,0.0,0.485,0.0,0.0,0.485,0.98,3.0,0.0,0.0,0.0,0.0,0.0,0.0,0.0,0.02,34.75494979919679,106.05321285140563,2.5669779116465867,4.819277108433735,161.0
K0.882Na0.118NbO3,0.0,0.0,0.0,0.0,0.0,0.0,0.0,0.0,0.0,0.0,0.882,0.0,0.0,0.118,1.0,3.0,0.0,0.0,0.0,0.0,0.0,0.0,0.0,0.0,35.621804,109.6324,2.550596,4.8,110.0
0.92Na0.535K0.48NbO3–0.08LiNbO3,0.0,0.0,0.0,0.0,0.0,0.0,0.0,0.0,0.0,0.0,0.4416,0.0,0.0,0.4922,0.92,2.7600000000000002,0.0,0.0,0.0,0.0,0.0,0.0,0.0,0.0,34.292652043868394,106.5742771684945,2.5545663010967097,4.788634097706879,280.0
0.95(K0.48Na0.52)NbO3–0.05LiSbO3,0.0,0.0,0.0,0.0,0.0,0.0,0.0,0.0,0.0,0.0,0.45599999999999996,0.0,0.0,0.494,0.95,2.8499999999999996,0.0,0.0,0.0,0.0,0.0,0.0,0.0,0.0,34.32655999999999,106.336,2.5594399999999995,4.8,270.0
[(K0.458Na0.542)0.96Li0.04](Nb0.85Ta0.15)O3,0.0,0.0,0.0,0.0,0.0,0.0,0.0,0.0,0.0,0.0,0.43968,0.04,0.0,0.52032,0.85,3.0,0.0,0.0,0.0,0.0,0.15,0.0,0.0,0.0,36.709448959999996,105.73337599999999,2.55772704,4.8,298.0
Na0.5K0.5Nb0.995Mn0.005O3,0.0,0.0,0.0,0.0,0.0,0.0,0.0,0.0,0.0,0.0,0.5,0.0,0.005,0.5,0.995,3.0,0.0,0.0,0.0,0.0,0.0,0.0,0.0,0.0,34.353030000000004,106.481,2.5589500000000003,4.797,161.0
0.94K0.5Na0.5NbO3–0.04LiSbO3,0.0,0.0,0.0,0.0,0.0,0.0,0.0,0.0,0.0,0.0,0.47,0.0,0.0,0.47,0.94,2.82,0.0,0.0,0.0,0.0,0.0,0.0,0.0,0.0,34.391000000000005,106.50000000000001,2.5590000000000006,4.8,212.0
0.97K0.40Na0.60Nb0.965Sb0.035O3–0.03Bi0.5Li0.5ZrO3,0.0,0.0,0.0,0.0,0.0,0.0,0.0,0.0,0.0,0.0,0.388,0.0,0.0,0.582,0.9360499999999999,2.91,0.0,0.03395,0.0,0.0,0.0,0.0,0.0,0.0,34.27074999999999,105.638,2.5643499999999997,4.8,400.0
0.955(K0.48Na0.52)(Nb0.95Ta0.05)O3–0.045Bi0.5(Na0.7K0.2Li0.1)0.5ZrO3 ,0.0,0.0,0.0,0.0,0.0,0.0,0.0,0.0,0.0,0.0,0.5539,0.04775,0.0,0.83085,0.9072499999999999,2.8649999999999998,0.0,0.0,0.0,0.0,0.04775,0.0,0.0,0.0,34.24332727272728,114.01454545454547,2.408854545454546,4.454545454545455,290.0
 (K0.44Na0.52Li0.04)(Nb0.85Ta0.15)O3,0.0,0.0,0.0,0.0,0.0,0.0,0.0,0.0,0.0,0.0,0.44,0.04,0.0,0.52,0.85,3.0,0.0,0.0,0.0,0.0,0.15,0.0,0.0,0.0,36.71048,105.73599999999999,2.55772,4.8,291.0
0.955K0.48Na0.52NbO3-0.005BiScO3-0.04Bi0.5(Na0.7K0.2Li0.1)0.5ZrO3,0.0,0.0,0.0,0.0,0.025,0.0,0.0,0.0,0.0,0.0,0.4624,0.002,0.0,0.5105999999999999,0.955,3.0,0.0,0.0,0.005,0.0,0.0,0.0,0.0,0.04,35.131912799999995,106.15608,2.5628972,4.8100000000000005,366.0
(K0.48Na0.52)(Nb0.93Sb0.07)O3 ,0.0,0.0,0.0,0.0,0.0,0.0,0.0,0.0,0.0,0.0,0.48,0.0,0.0,0.52,0.93,3.0,0.0,0.07,0.0,0.0,0.0,0.0,0.0,0.0,34.73046,106.252,2.56574,4.8,210.0
0.98(Na0.5K0.5)NbO3–0.02BiScO3,0.0,0.0,0.0,0.0,0.0,0.0,0.0,0.0,0.0,0.0,0.49,0.0,0.0,0.49,0.98,2.94,0.0,0.0,0.0,0.0,0.0,0.0,0.0,0.0,34.391,106.5,2.5589999999999997,4.800000000000001,210.0
0.97(K0.5Na0.5)NbO3–0.03(Bi0.5Na0.5)TiO3,0.0,0.0,0.0,0.0,0.485,0.0,0.0,0.0,0.0,0.0,0.485,0.0,0.0,0.97,0.97,2.91,0.0,0.0,0.0,0.0,0.0,0.0,0.0,0.0,47.98999999999999,117.24999999999999,2.3783333333333334,4.5,195.0
0.95(Na0.5K0.5)NbO3–0.05SrTiO3,0.0,0.0,0.0,0.0,0.0,0.0,0.0,0.0,0.0,0.0,0.475,0.0,0.0,0.475,0.95,2.8499999999999996,0.0,0.0,0.0,0.0,0.0,0.0,0.0,0.0,34.391,106.5,2.5589999999999997,4.8,195.0
0.95(Na0.5K0.5)NbO3–0.05CaTiO3,0.0,0.0,0.0,0.0,0.0,0.0,0.0,0.0,0.0,0.0,0.475,0.0,0.0,0.475,0.95,2.8499999999999996,0.0,0.0,0.0,0.0,0.0,0.0,0.0,0.0,34.391,106.5,2.5589999999999997,4.8,241.0
0.99(Na0.5K0.5)NbO3–0.01BiAlO3,0.0,0.0,0.0,0.0,0.0,0.0,0.0,0.0,0.0,0.0,0.495,0.0,0.0,0.495,0.99,2.9699999999999998,0.0,0.0,0.0,0.0,0.0,0.0,0.0,0.0,34.391000000000005,106.5,2.559,4.800000000000001,220.0
0.99(Na0.5K0.5)NbO3–0.01BiScO3,0.0,0.0,0.0,0.0,0.0,0.0,0.0,0.0,0.0,0.0,0.495,0.0,0.0,0.495,0.99,2.9699999999999998,0.0,0.0,0.0,0.0,0.0,0.0,0.0,0.0,34.391000000000005,106.5,2.559,4.800000000000001,165.0
0.95(0.995Na0.5K0.5NbO3–0.005BiFeO3)–0.05LiSbO3,0.0,0.0,0.0,0.0,0.0,0.0,0.0,0.0,0.0,0.0,0.0,0.0,0.0,0.0,0.0,0.0,0.0,0.0,0.0,0.0,0.0,0.0,0.0,0.0,0.0,0.0,0.0,0.0,257.0
0.96(0.99K0.5Na0.5NbO3–0.01Bi0.5Na0.5TiO3)–0.04LiSbO3,0.0,0.0,0.0,0.0,0.0,0.0,0.0,0.0,0.0,0.0,0.0,0.0,0.0,0.0,0.0,0.0,0.0,0.0,0.0,0.0,0.0,0.0,0.0,0.0,0.0,0.0,0.0,0.0,250.0
0.95(K0.40Na0.60)NbO3–0.05LiSbO3,0.0,0.0,0.0,0.0,0.0,0.0,0.0,0.0,0.0,0.0,0.38,0.0,0.0,0.57,0.95,2.8499999999999996,0.0,0.0,0.0,0.0,0.0,0.0,0.0,0.0,34.068799999999996,105.68,2.5611999999999995,4.8,280.0
0.95(K0.45Na0.55)NbO3–0.04Bi0.5Na0.5ZrO3–0.01BaHfO3–0.002MnO2,0.0,0.0,0.0,0.0,0.0,0.0,0.0,0.0,0.0,0.0,0.4275,0.0,0.0,0.5225,0.95,2.8499999999999996,0.0,0.0,0.0,0.0,0.0,0.0,0.0,0.0,34.229899999999994,106.09,2.5601,4.8,385.0
0.96(K0.5Na0.5)0.95Li0.05Nb0.93Sb0.07O3-0.04BaZrO3,0.0,0.0,0.0,0.04,0.0,0.0,0.0,0.0,0.0,0.0,0.45599999999999996,0.048,0.0,0.45599999999999996,0.8928,3.0,0.0,0.06720000000000001,0.0,0.0,0.0,0.0,0.0,0.04,35.38409600000001,106.13216000000001,2.5640160000000005,4.800000000000001,425.0
0.96(K0.5Na0.5)0.95Li0.05Nb0.96Sb0.04O3-0.04BaZrO3,0.0,0.0,0.0,0.04,0.0,0.0,0.0,0.0,0.0,0.0,0.45599999999999996,0.048,0.0,0.45599999999999996,0.9216,3.0,0.0,0.0384,0.0,0.0,0.0,0.0,0.0,0.04,35.21792,106.16671999999998,2.561424,4.8,223.0
0.96(K0.5Na0.5)0.95Li0.05Nb0.95Sb0.05O3-0.04BaZrO3,0.0,0.0,0.0,0.04,0.0,0.0,0.0,0.0,0.0,0.0,0.45599999999999996,0.048,0.0,0.45599999999999996,0.9119999999999999,3.0,0.0,0.048,0.0,0.0,0.0,0.0,0.0,0.04,35.27331199999999,106.1552,2.562288,4.8,320.0
0.96(K0.5Na0.5)0.95Li0.05Nb0.92Sb0.08O3-0.04BaZrO3,0.0,0.0,0.0,0.04,0.0,0.0,0.0,0.0,0.0,0.0,0.45599999999999996,0.048,0.0,0.45599999999999996,0.8832,3.0,0.0,0.0768,0.0,0.0,0.0,0.0,0.0,0.04,35.439488,106.12063999999997,2.5648799999999996,4.799999999999999,320.0
0.96(K0.5Na0.5)0.95Li0.05Nb0.91Sb0.09O3-0.04BaZrO3,0.0,0.0,0.0,0.04,0.0,0.0,0.0,0.0,0.0,0.0,0.45599999999999996,0.048,0.0,0.45599999999999996,0.8736,3.0,0.0,0.08639999999999999,0.0,0.0,0.0,0.0,0.0,0.04,35.49488,106.10911999999999,2.565744,4.8,159.0
0.94(K0.34Na0.6Ba0.06Nb0.94Zr0.06)O3-0.06LiSbO3,0.0,0.0,0.0,0.05639999999999999,0.0,0.0,0.0,0.0,0.0,0.0,0.3196,0.06,0.0,0.564,0.8835999999999999,3.0,0.0,0.06,0.0,0.0,0.0,0.0,0.0,0.05639999999999999,35.23404320000001,105.10472000000001,2.565472,4.800000000000001,344.0
0.958K0.5Na0.5Nb0.975Sb0.025O3–0.035Bi0.5Na0.5ZrO3–0.007BiFeO3,0.0,0.0,0.0,0.0,0.0,0.0,0.0,0.0,0.0,0.0,0.479,0.0,0.0,0.479,0.9340499999999999,2.8739999999999997,0.0,0.02395,0.0,0.0,0.0,0.0,0.0,0.0,34.535250000000005,106.47,2.56125,4.8,511.0
0.97K0.5Na0.5Nb0.96Sb0.04O3-0.01SrZrO3-0.03Bi0.5Na0.5HfO3,0.0,0.0,0.0,0.0,0.015,0.0,0.0,0.0,0.03,0.0,0.485,0.0,0.0,0.5,0.9311999999999999,3.03,0.0,0.0388,0.0,0.01,0.0,0.0,0.0,0.01,35.73433267326733,106.36479207920794,2.5638534653465346,4.805940594059406,470.0
0.96(K0.48Na0.52)0.95Li0.05Nb0.93Sb0.07O3-0.04BaZrO3 ,0.0,0.0,0.0,0.04,0.0,0.0,0.0,0.0,0.0,0.0,0.4377599999999999,0.048,0.0,0.47424,0.8928,3.0,0.0,0.06720000000000001,0.0,0.0,0.0,0.0,0.0,0.04,35.32532672000001,105.98259200000003,2.5644172800000002,4.800000000000001,408.0
0.96(K0.48Na0.52)0.95Li0.05Nb0.94Sb0.06O3-0.04Ba0.94Ca0.06ZrO3 ,0.0,0.0,0.0,0.0376,0.0,0.0,0.0024,0.0,0.0,0.0,0.4377599999999999,0.048,0.0,0.47424,0.9023999999999999,3.0,0.0,0.0576,0.0,0.0,0.0,0.0,0.0,0.04,35.22325471999999,105.98211199999999,2.5636060800000005,4.8,347.0
0.92(K0.445Na0.50Li0.055)NbO3–0.08BaZrO3 ,0.0,0.0,0.0,0.0,0.0,0.0,0.0,0.0,0.0,0.0,0.40940000000000004,0.0506,0.0,0.46,0.92,2.7600000000000002,0.0,0.0,0.0,0.0,0.0,0.0,0.0,0.0,34.03724,105.675,2.56076,4.8,317.0
0.96(K0.48Na0.52)(Nb0.95Sb0.05)O3-0.04(Bi0.5Na0.42Li0.08)0.9Sr0.1ZrO3,0.0,0.0,0.0,0.0,0.018000000000000002,0.0,0.0,0.0,0.0,0.0,0.4608,0.00288,0.0,0.51432,0.9119999999999999,3.0,0.0,0.048,0.0,0.004,0.0,0.0,0.0,0.04,35.2401608,106.12857600000002,2.5659912000000005,4.807200000000001,416.0
0.98(Na0.5K0.5)NbO3-0.02BiScO3,0.0,0.0,0.0,0.0,0.02,0.0,0.0,0.0,0.0,0.0,0.49,0.0,0.0,0.49,0.98,3.0,0.0,0.0,0.02,0.0,0.0,0.0,0.0,0.0,34.91094,106.362,2.56262,4.808,210.0
0.992(0.95K0.5Na0.5NbO3-0.05LiSbO3)-0.008BiScO3,0.0,0.0,0.0,0.0,0.008,0.0,0.0,0.0,0.0,0.0,0.0,0.0,0.0,0.0,0.0,0.024,0.0,0.0,0.008,0.0,0.0,0.0,0.0,0.0,60.388,99.6,2.74,5.2,305.0
0.985(K0.48Na0.52)(Nb0.98Sb0.02)O3-0.015BiScO3–MnCO3,0.0,0.0,0.0,0.0,0.015,0.0,0.0,0.0,0.0,0.0,0.4728,0.0,0.0,0.5122,0.9652999999999999,3.0,0.0,0.0197,0.015,0.0,0.0,0.0,0.0,0.0,34.831150599999994,106.21132,2.5639214000000004,4.806,265.0
0.995(0.95K0.5Na0.5NbO3-0.05LiSbO3)-0.005BiScO3,0.0,0.0,0.0,0.0,0.005,0.0,0.0,0.0,0.0,0.0,0.0,0.0,0.0,0.0,0.0,0.015,0.0,0.0,0.005,0.0,0.0,0.0,0.0,0.0,60.388,99.60000000000001,2.74,5.2,280.0
0.99(Na0.485K0.485Li0.03)NbO3-0.01BiScO3,0.0,0.0,0.0,0.0,0.01,0.0,0.0,0.0,0.0,0.0,0.48014999999999997,0.029699999999999997,0.0,0.48014999999999997,0.99,2.9999999999999996,0.0,0.0,0.01,0.0,0.0,0.0,0.0,0.0,34.50778630000001,106.10727000000001,2.5614337000000003,4.804,225.0
(K0.4675Na0.4675Li0.065)NbO3,0.0,0.0,0.0,0.0,0.0,0.0,0.0,0.0,0.0,0.0,0.4675,0.065,0.0,0.4675,1.0,3.0,0.0,0.0,0.0,0.0,0.0,0.0,0.0,0.0,34.077635,105.7915,2.560365,4.8,250.0
0.92(Na0.5K0.5)NbO3–0.06BaZrO3–0.02(Bi0.5Li0.5)TiO3,0.0,0.0,0.0,0.0,0.46,0.0,0.0,0.0,0.0,0.0,0.46,0.46,0.0,0.46,0.92,2.7600000000000002,0.0,0.0,0.0,0.0,0.0,0.0,0.0,0.0,46.6525,114.41666666666667,2.3825,4.5,321.0
(Na0.5K0.5)0.975Li0.025Nb0.76Sb0.06Ta0.18O3,0.0,0.0,0.0,0.0,0.0,0.0,0.0,0.0,0.0,0.0,0.4875,0.025,0.0,0.4875,0.76,3.0,0.0,0.06,0.0,0.0,0.18,0.0,0.0,0.0,37.786115,106.1555,2.561325,4.800000000000001,352.0
0.92(Na0.5K0.5)NbO3–0.02(Bi0.5Li0.5)TiO3–0.06BaZrO3 ,0.0,0.0,0.0,0.0,0.46,0.0,0.0,0.0,0.0,0.0,0.46,0.46,0.0,0.46,0.92,2.7600000000000002,0.0,0.0,0.0,0.0,0.0,0.0,0.0,0.0,46.6525,114.41666666666667,2.3825,4.5,348.0
(K0.5Na0.5)NbO3,0.0,0.0,0.0,0.0,0.0,0.0,0.0,0.0,0.0,0.0,0.5,0.0,0.0,0.5,1.0,3.0,0.0,0.0,0.0,0.0,0.0,0.0,0.0,0.0,34.391,106.5,2.559,4.8,80.0
0.94(K0.5Na0.5)NbO3–0.06LiNbO3,0.0,0.0,0.0,0.0,0.0,0.0,0.0,0.0,0.0,0.0,0.47,0.0,0.0,0.47,0.94,2.82,0.0,0.0,0.0,0.0,0.0,0.0,0.0,0.0,34.391000000000005,106.50000000000001,2.5590000000000006,4.8,235.0
[(K0.5Na0.5)0.97Bi0.01]NbO3,0.0,0.0,0.0,0.0,0.01,0.0,0.0,0.0,0.0,0.0,0.485,0.0,0.0,0.485,1.0,3.0,0.0,0.0,0.0,0.0,0.0,0.0,0.0,0.0,34.761736947791164,105.99698795180723,2.5680622489959837,4.823293172690763,164.0
0.98(K0.5Na0.5)NbO3–0.02BiScO3,0.0,0.0,0.0,0.0,0.0,0.0,0.0,0.0,0.0,0.0,0.49,0.0,0.0,0.49,0.98,2.94,0.0,0.0,0.0,0.0,0.0,0.0,0.0,0.0,34.391,106.5,2.5589999999999997,4.800000000000001,210.0
0.985(K0.5Na0.5)NbO3–0.0175BiScO3,0.0,0.0,0.0,0.0,0.0,0.0,0.0,0.0,0.0,0.0,0.4925,0.0,0.0,0.4925,0.985,2.955,0.0,0.0,0.0,0.0,0.0,0.0,0.0,0.0,34.391,106.50000000000001,2.559,4.800000000000001,253.0
(K0.48Na0.52)0.95Li0.05Sb0.01Nb0.99O3- 0.05Ca0.5(Bi0.5Na0.5)0.5ZrO3,0.0,0.0,0.0,0.0,0.0125,0.0,0.025,0.0,0.0,0.0,0.45599999999999996,0.05,0.0,0.5065,0.99,3.15,0.0,0.01,0.0,0.0,0.0,0.0,0.0,0.05,34.58948285714286,105.74019047619049,2.562136190476191,4.8047619047619055,87.0
(K0.48Na0.52)0.95Li0.05Sb0.03Nb0.97O3- 0.05Ca0.5(Bi0.5Na0.5)0.5ZrO3,0.0,0.0,0.0,0.0,0.0125,0.0,0.025,0.0,0.0,0.0,0.45599999999999996,0.05,0.0,0.5065,0.97,3.15,0.0,0.03,0.0,0.0,0.0,0.0,0.0,0.05,34.69938761904762,105.71733333333334,2.5638504761904763,4.804761904761905,163.0
(K0.48Na0.52)0.95Li0.05Sb0.05Nb0.95O3- 0.05Ca0.5(Bi0.5Na0.5)0.5ZrO3,0.0,0.0,0.0,0.0,0.0125,0.0,0.025,0.0,0.0,0.0,0.45599999999999996,0.05,0.0,0.5065,0.95,3.15,0.0,0.05,0.0,0.0,0.0,0.0,0.0,0.05,34.809292380952385,105.6944761904762,2.565564761904762,4.8047619047619055,217.0
(K0.48Na0.52)0.95Li0.05Sb0.06Nb0.94O3- 0.05Ca0.5(Bi0.5Na0.5)0.5ZrO3,0.0,0.0,0.0,0.0,0.0125,0.0,0.025,0.0,0.0,0.0,0.45599999999999996,0.05,0.0,0.5065,0.94,3.15,0.0,0.06,0.0,0.0,0.0,0.0,0.0,0.05,34.864244761904764,105.68304761904761,2.566421904761905,4.8047619047619055,267.0
(K0.48Na0.52)0.95Li0.05Sb0.07Nb0.93O3- 0.05Ca0.5(Bi0.5Na0.5)0.5ZrO3,0.0,0.0,0.0,0.0,0.0125,0.0,0.025,0.0,0.0,0.0,0.45599999999999996,0.05,0.0,0.5065,0.93,3.15,0.0,0.07,0.0,0.0,0.0,0.0,0.0,0.05,34.91919714285714,105.67161904761903,2.567279047619048,4.804761904761905,225.0
(K0.48Na0.52)0.95Li0.05Sb0.10Nb0.90O3- 0.05Ca0.5(Bi0.5Na0.5)0.5ZrO3,0.0,0.0,0.0,0.0,0.0125,0.0,0.025,0.0,0.0,0.0,0.45599999999999996,0.05,0.0,0.5065,0.9,3.15,0.0,0.1,0.0,0.0,0.0,0.0,0.0,0.05,35.084054285714295,105.63733333333334,2.5698504761904766,4.8047619047619055,180.0
K0.47Na0.47Li0.06NbO3,0.0,0.0,0.0,0.0,0.0,0.0,0.0,0.0,0.0,0.0,0.47,0.06,0.0,0.47,1.0,3.0,0.0,0.0,0.0,0.0,0.0,0.0,0.0,0.0,34.10173999999999,105.846,2.5602600000000004,4.8,235.0
(K0.5Na0.5)0.935Li0.065NbO3,0.0,0.0,0.0,0.0,0.0,0.0,0.0,0.0,0.0,0.0,0.4675,0.065,0.0,0.4675,1.0,3.0,0.0,0.0,0.0,0.0,0.0,0.0,0.0,0.0,34.077635,105.7915,2.560365,4.8,188.0
(K0.5Na0.5)0.94Li0.06NbO3,0.0,0.0,0.0,0.0,0.0,0.0,0.0,0.0,0.0,0.0,0.47,0.06,0.0,0.47,1.0,3.0,0.0,0.0,0.0,0.0,0.0,0.0,0.0,0.0,34.10173999999999,105.846,2.5602600000000004,4.8,235.0
0.94K0.5Na0.5NbO3−0.06LiNbO3,0.0,0.0,0.0,0.0,0.0,0.0,0.0,0.0,0.0,0.0,0.47,0.0,0.0,0.47,0.94,2.82,0.0,0.0,0.0,0.0,0.0,0.0,0.0,0.0,34.391000000000005,106.50000000000001,2.5590000000000006,4.8,215.0
0.948(K0.5Na0.5)NbO3− 0.052LiSbO3,0.0,0.0,0.0,0.0,0.0,0.0,0.0,0.0,0.0,0.0,0.474,0.0,0.0,0.474,0.948,2.844,0.0,0.0,0.0,0.0,0.0,0.0,0.0,0.0,34.391,106.49999999999999,2.5589999999999997,4.800000000000001,265.0
0.95(K0.48Na0.52)NbO3−0.05LiSbO3,0.0,0.0,0.0,0.0,0.0,0.0,0.0,0.0,0.0,0.0,0.45599999999999996,0.0,0.0,0.494,0.95,2.8499999999999996,0.0,0.0,0.0,0.0,0.0,0.0,0.0,0.0,34.32655999999999,106.336,2.5594399999999995,4.8,262.0
0.94(K0.5Na0.5)NbO3−0.06LiSbO3,0.0,0.0,0.0,0.0,0.0,0.0,0.0,0.0,0.0,0.0,0.47,0.0,0.0,0.47,0.94,2.82,0.0,0.0,0.0,0.0,0.0,0.0,0.0,0.0,34.391000000000005,106.50000000000001,2.5590000000000006,4.8,212.0
0.95K0.49Na0.51NbO3−0.05LiSbO3,0.0,0.0,0.0,0.0,0.0,0.0,0.0,0.0,0.0,0.0,0.46549999999999997,0.0,0.0,0.4845,0.95,2.8499999999999996,0.0,0.0,0.0,0.0,0.0,0.0,0.0,0.0,34.35878,106.418,2.55922,4.8,256.0
0.95(K0.40Na0.60)NbO3−0.05LiSbO3,0.0,0.0,0.0,0.0,0.0,0.0,0.0,0.0,0.0,0.0,0.38,0.0,0.0,0.57,0.95,2.8499999999999996,0.0,0.0,0.0,0.0,0.0,0.0,0.0,0.0,34.068799999999996,105.68,2.5611999999999995,4.8,280.0
0.95(K0.42Na0.58)NbO3−0.05LiSbO3,0.0,0.0,0.0,0.0,0.0,0.0,0.0,0.0,0.0,0.0,0.39899999999999997,0.0,0.0,0.5509999999999999,0.95,2.8499999999999996,0.0,0.0,0.0,0.0,0.0,0.0,0.0,0.0,34.133239999999994,105.84399999999998,2.5607599999999997,4.8,270.0
(Na0.5K0.5)0.952(LiSb)0.048Nb0.952O3,0.0,0.0,0.0,0.0,0.0,0.0,0.0,0.0,0.0,0.0,0.476,0.048,0.0,0.476,0.952,3.0,0.0,0.048,0.0,0.0,0.0,0.0,0.0,0.0,34.436552,105.9192,2.564328,4.799999999999999,265.0
(Na0.5K0.5)0.950(LiSb)0.050Nb0.950O3,0.0,0.0,0.0,0.0,0.0,0.0,0.0,0.0,0.0,0.0,0.475,0.05,0.0,0.475,0.95,3.0,0.0,0.05,0.0,0.0,0.0,0.0,0.0,0.0,34.43845,105.89499999999998,2.5645499999999997,4.8,283.0
(Na0.5K0.5)0.948(LiSb)0.052Nb0.948O3,0.0,0.0,0.0,0.0,0.0,0.0,0.0,0.0,0.0,0.0,0.474,0.052,0.0,0.474,0.948,3.0,0.0,0.052,0.0,0.0,0.0,0.0,0.0,0.0,34.440348,105.87079999999999,2.564772,4.800000000000001,286.0
(Na0.5K0.5)0.946(LiSb)0.054Nb0.946O3,0.0,0.0,0.0,0.0,0.0,0.0,0.0,0.0,0.0,0.0,0.473,0.054,0.0,0.473,0.946,3.0,0.0,0.054,0.0,0.0,0.0,0.0,0.0,0.0,34.442246,105.8466,2.564994,4.8,269.0
(Na0.5K0.5)0.944(LiSb)0.056Nb0.944O3,0.0,0.0,0.0,0.0,0.0,0.0,0.0,0.0,0.0,0.0,0.472,0.056,0.0,0.472,0.944,3.0,0.0,0.056,0.0,0.0,0.0,0.0,0.0,0.0,34.444143999999994,105.82239999999999,2.5652160000000004,4.8,272.0
0.94(K0.5Na0.5)NbO3+0.06LiNbO3,0.0,0.0,0.0,0.0,0.0,0.0,0.0,0.0,0.0,0.0,0.47,0.06,0.0,0.47,1.0,3.0,0.0,0.0,0.0,0.0,0.0,0.0,0.0,0.0,34.10173999999999,105.846,2.5602600000000004,4.8,235.0
0.95(K0.5Na0.5)NbO3+0.05LiTaO3,0.0,0.0,0.0,0.0,0.0,0.0,0.0,0.0,0.0,0.0,0.475,0.05,0.0,0.475,0.95,2.9999999999999996,0.0,0.0,0.0,0.0,0.05,0.0,0.0,0.0,35.030350000000006,105.955,2.55905,4.8,200.0
(K0.5Na0.5)0.935Li0.065NbO3,0.0,0.0,0.0,0.0,0.0,0.0,0.0,0.0,0.0,0.0,0.4675,0.065,0.0,0.4675,1.0,3.0,0.0,0.0,0.0,0.0,0.0,0.0,0.0,0.0,34.077635,105.7915,2.560365,4.8,250.0
(K0.5Na0.5)0.96Li0.04Nb0.9Ta0.1O3,0.0,0.0,0.0,0.0,0.0,0.0,0.0,0.0,0.0,0.0,0.48,0.04,0.0,0.48,0.9,3.0,0.0,0.0,0.0,0.0,0.1,0.0,0.0,0.0,35.95896,106.06400000000001,2.55784,4.8,160.0
0.95K0.5Na0.5NbO3−0.05LiSbO3,0.0,0.0,0.0,0.0,0.0,0.0,0.0,0.0,0.0,0.0,0.475,0.0,0.0,0.475,0.95,2.8499999999999996,0.0,0.0,0.0,0.0,0.0,0.0,0.0,0.0,34.391,106.5,2.5589999999999997,4.8,215.0
(Na0.474K0.474Li0.052)(Nb0.948Sb0.052)O3,0.0,0.0,0.0,0.0,0.0,0.0,0.0,0.0,0.0,0.0,0.474,0.052,0.0,0.474,0.948,3.0,0.0,0.052,0.0,0.0,0.0,0.0,0.0,0.0,34.440348,105.87079999999999,2.564772,4.800000000000001,242.0
(Na0.5K0.5)0.945Li0.055Nb0.96Sb0.04O3,0.0,0.0,0.0,0.0,0.0,0.0,0.0,0.0,0.0,0.0,0.4725,0.055,0.0,0.4725,0.96,3.0,0.0,0.04,0.0,0.0,0.0,0.0,0.0,0.0,34.356645,105.8525,2.563755,4.8,240.0
0.93(K0.5Na0.5)NbO3−0.07LiTaO3,0.0,0.0,0.0,0.0,0.0,0.0,0.0,0.0,0.0,0.0,0.465,0.0,0.0,0.465,0.93,2.79,0.0,0.0,0.0,0.0,0.0,0.0,0.0,0.0,34.391000000000005,106.5,2.5589999999999997,4.8,200.0
0.90(Na0.5K0.5)NbO3–0.07BaZrO3–0.03(Bi0.5Li0.5)TiO3,0.0,0.0,0.0,0.0,0.45,0.0,0.0,0.0,0.0,0.0,0.45,0.45,0.0,0.45,0.9,2.7,0.0,0.0,0.0,0.0,0.0,0.0,0.0,0.0,46.652499999999996,114.41666666666666,2.3825,4.500000000000001,263.0
[(K0.5Na0.5)0.97Li0.03](Nb0.8Ta0.2)O3,0.0,0.0,0.0,0.0,0.0,0.0,0.0,0.0,0.0,0.0,0.485,0.03,0.0,0.485,0.8,3.0,0.0,0.0,0.0,0.0,0.2,0.0,0.0,0.0,37.767970000000005,106.173,2.55563,4.8,234.0
0.90(Na0.5K0.5)NbO3–0.08BaZrO3–0.02(Bi0.5Li0.5)TiO3,0.0,0.0,0.0,0.0,0.45,0.0,0.0,0.0,0.0,0.0,0.45,0.45,0.0,0.45,0.9,2.7,0.0,0.0,0.0,0.0,0.0,0.0,0.0,0.0,46.652499999999996,114.41666666666666,2.3825,4.500000000000001,230.0
[(Na0.535K0.480)0.942Li0.058](Nb0.94Ta0.06)O3,0.0,0.0,0.0,0.0,0.0,0.0,0.0,0.0,0.0,0.0,0.45215999999999995,0.058,0.0,0.50397,0.94,3.0,0.0,0.0,0.0,0.0,0.06,0.0,0.0,0.0,35.07301292547261,105.93956279553979,2.554840680237649,4.789291462327462,232.0
(K0.5Na0.5)0.96Li0.04(Nb0.775Ta0.225)O3,0.0,0.0,0.0,0.0,0.0,0.0,0.0,0.0,0.0,0.0,0.48,0.04,0.0,0.48,0.775,3.0,0.0,0.0,0.0,0.0,0.225,0.0,0.0,0.0,38.15996,106.06400000000001,2.55534,4.8,208.0
0.90(Na0.5K0.5)NbO3–0.01BaZrO3–0.09(Bi0.5Li0.5)TiO3,0.0,0.0,0.0,0.0,0.45,0.0,0.0,0.0,0.0,0.0,0.45,0.45,0.0,0.45,0.9,2.7,0.0,0.0,0.0,0.0,0.0,0.0,0.0,0.0,46.652499999999996,114.41666666666666,2.3825,4.500000000000001,57.0
0.90(Na0.5K0.5)NbO3–0.02BaZrO3–0.08(Bi0.5Li0.5)TiO3,0.0,0.0,0.0,0.0,0.45,0.0,0.0,0.0,0.0,0.0,0.45,0.45,0.0,0.45,0.9,2.7,0.0,0.0,0.0,0.0,0.0,0.0,0.0,0.0,46.652499999999996,114.41666666666666,2.3825,4.500000000000001,92.0
0.90(Na0.5K0.5)NbO3–0.03BaZrO3–0.07(Bi0.5Li0.5)TiO3,0.0,0.0,0.0,0.0,0.45,0.0,0.0,0.0,0.0,0.0,0.45,0.45,0.0,0.45,0.9,2.7,0.0,0.0,0.0,0.0,0.0,0.0,0.0,0.0,46.652499999999996,114.41666666666666,2.3825,4.500000000000001,116.0
0.90(Na0.5K0.5)NbO3–0.04BaZrO3–0.06(Bi0.5Li0.5)TiO3,0.0,0.0,0.0,0.0,0.45,0.0,0.0,0.0,0.0,0.0,0.45,0.45,0.0,0.45,0.9,2.7,0.0,0.0,0.0,0.0,0.0,0.0,0.0,0.0,46.652499999999996,114.41666666666666,2.3825,4.500000000000001,136.0
0.90(Na0.5K0.5)NbO3–0.06BaZrO3–0.04(Bi0.5Li0.5)TiO3,0.0,0.0,0.0,0.0,0.45,0.0,0.0,0.0,0.0,0.0,0.45,0.45,0.0,0.45,0.9,2.7,0.0,0.0,0.0,0.0,0.0,0.0,0.0,0.0,46.652499999999996,114.41666666666666,2.3825,4.500000000000001,215.0
(Na0.52K0.4375)(Nb0.9075Sb0.05)O3−0.0425LiTaO3,0.0,0.0,0.0,0.0,0.0,0.0,0.0,0.0,0.0,0.0,0.4375,0.0,0.0,0.52,0.9075,3.0,0.0,0.05,0.0,0.0,0.0,0.0,0.0,0.0,34.07220244150559,104.88860630722279,2.58735503560529,4.831129196337741,321.0
(K0.4425Na0.52Li0.0375)(Nb0.8925Sb0.07Ta0.0375)O3,0.0,0.0,0.0,0.0,0.0,0.0,0.0,0.0,0.0,0.0,0.4425,0.0375,0.0,0.52,0.8925,3.0,0.0,0.07,0.0,0.0,0.0375,0.0,0.0,0.0,35.14956,105.6895,2.5661899999999997,4.8,304.0
Li0.04(Na0.54K0.46)0.96Nb0.81Ta0.15Sb0.04O3,0.0,0.0,0.0,0.0,0.0,0.0,0.0,0.0,0.0,0.0,0.4416,0.04,0.0,0.5184,0.81,3.0,0.0,0.04,0.0,0.0,0.15,0.0,0.0,0.0,36.94643519999999,105.70111999999999,2.5612847999999997,4.799999999999999,293.0
0.90(Na0.5K0.5)NbO3–0.09BaZrO3–0.01(Bi0.5Li0.5)TiO3,0.0,0.0,0.0,0.0,0.45,0.0,0.0,0.0,0.0,0.0,0.45,0.45,0.0,0.45,0.9,2.7,0.0,0.0,0.0,0.0,0.0,0.0,0.0,0.0,46.652499999999996,114.41666666666666,2.3825,4.500000000000001,83.0
0.96(K0.48Na0.52)(Nb0.95Ta0.05)O3−0.04LiSbO3,0.0,0.0,0.0,0.0,0.0,0.0,0.0,0.0,0.0,0.0,0.4608,0.0,0.0,0.4992,0.9119999999999999,2.88,0.0,0.0,0.0,0.0,0.048,0.0,0.0,0.0,35.206959999999995,106.33599999999998,2.5584399999999996,4.8,250.0
0.97(K0.5Na0.5)NbO3−0.03(Bi0.5Na0.5)TiO3,0.0,0.0,0.0,0.0,0.485,0.0,0.0,0.0,0.0,0.0,0.485,0.0,0.0,0.97,0.97,2.91,0.0,0.0,0.0,0.0,0.0,0.0,0.0,0.0,47.98999999999999,117.24999999999999,2.3783333333333334,4.5,195.0
0.98(K0.5Na0.5)NbO3−0.02(Bi0.5K0.5)TiO3,0.0,0.0,0.0,0.0,0.49,0.0,0.0,0.0,0.0,0.0,0.98,0.0,0.0,0.49,0.98,2.94,0.0,0.0,0.0,0.0,0.0,0.0,0.0,0.0,49.3325,120.66666666666664,2.3691666666666666,4.5,251.0
0.98(K0.5Na0.5)NbO3−0.02Li0.5Bi0.5TiO3,0.0,0.0,0.0,0.0,0.0,0.0,0.0,0.0,0.0,0.0,0.49,0.0,0.0,0.49,0.98,2.94,0.0,0.0,0.0,0.0,0.0,0.0,0.0,0.0,34.391,106.5,2.5589999999999997,4.800000000000001,172.0
0.95(Na0.5K0.5)NbO3−0.05SrTiO3,0.0,0.0,0.0,0.0,0.0,0.0,0.0,0.0,0.0,0.0,0.475,0.0,0.0,0.475,0.95,2.8499999999999996,0.0,0.0,0.0,0.0,0.0,0.0,0.0,0.0,34.391,106.5,2.5589999999999997,4.8,195.0
0.96(Na0.5K0.5)NbO3−0.04(Bi0.5Na0.5)0.94Ba0.06TiO3,0.0,0.0,0.0,0.0,0.45119999999999993,0.0,0.0,0.0,0.0,0.0,0.48,0.0,0.0,0.9311999999999999,0.96,2.88,0.0,0.0,0.0,0.0,0.0,0.0,0.0,0.0,47.30318181818181,116.70707070707068,2.3874579124579123,4.515151515151515,256.0
(K0.5Na0.5)NbO3−Ba(Zr0.05Ti0.95)O3−MnO2,0.0,0.0,0.0,0.0,0.0,0.0,0.0,0.0,0.0,0.0,0.5,0.0,0.0,0.5,1.0,3.0,0.0,0.0,0.0,0.0,0.0,0.95,0.0,0.05,36.998749999999994,113.35833333333333,2.3874166666666663,4.666666666666667,234.0
K0.5Na0.5NbO3−CaTi0.9Zr0.1O3+MnO2,0.0,0.0,0.0,0.0,0.0,0.0,0.0,0.0,0.0,0.0,0.5,0.0,1.0,0.5,1.0,5.0,0.0,0.0,0.0,0.0,0.0,0.0,0.0,0.0,32.361875,97.4375,2.653125,4.75,203.0
0.95(Na0.5K0.5)NbO3−0.05CaTiO3,0.0,0.0,0.0,0.0,0.0,0.0,0.0,0.0,0.0,0.0,0.475,0.0,0.0,0.475,0.95,2.8499999999999996,0.0,0.0,0.0,0.0,0.0,0.0,0.0,0.0,34.391,106.5,2.5589999999999997,4.8,241.0
0.97(Na0.5K0.5)NbO3−0.03(Ba0.95Sr0.05)TiO3,0.0,0.0,0.0,0.9215,0.0,0.0,0.0,0.0,0.0,0.0,0.485,0.0,0.0,0.485,0.97,2.91,0.0,0.0,0.0,0.0485,0.0,0.0,0.0,0.0,51.13325000000001,125.69166666666669,2.2813333333333334,4.333333333333334,136.0
0.9825K0.5Na0.5NbO3−0.0175BiScO3,0.0,0.0,0.0,0.0,0.0,0.0,0.0,0.0,0.0,0.0,0.49125,0.0,0.0,0.49125,0.9825,2.9475000000000002,0.0,0.0,0.0,0.0,0.0,0.0,0.0,0.0,34.391,106.5,2.5589999999999997,4.8,253.0
0.99(Na0.5K0.5)NbO3−0.01BiAlO3,0.0,0.0,0.0,0.0,0.0,0.0,0.0,0.0,0.0,0.0,0.495,0.0,0.0,0.495,0.99,2.9699999999999998,0.0,0.0,0.0,0.0,0.0,0.0,0.0,0.0,34.391000000000005,106.5,2.559,4.800000000000001,202.0
0.996[(K0.458Na0.542)0.96Li0.04](Nb0.85Ta0.15)O3−0.004BiFeO3,0.0,0.0,0.0,0.0,0.0,0.0,0.0,0.0,0.0,0.0,0.43792128,0.03984,0.0,0.51823872,0.8466,2.988,0.0,0.0,0.0,0.0,0.1494,0.0,0.0,0.0,36.709448959999996,105.73337599999999,2.5577270399999996,4.800000000000001,261.0
0.995Li0.03(Na0.53K0.48)0.97Nb0.8Ta0.2O3−0.005BiFeO3,0.0,0.0,0.0,0.0,0.0,0.0,0.0,0.0,0.0,0.0,0.46327199999999996,0.029849999999999998,0.0,0.5115295,0.796,2.985,0.0,0.0,0.0,0.0,0.199,0.0,0.0,0.0,37.67697047727409,106.16879254246761,2.5529083577858955,4.792642273988463,238.0
0.99(Na0.485K0.485Li0.03)NbO3−0.01BiScO3,0.0,0.0,0.0,0.0,0.0,0.0,0.0,0.0,0.0,0.0,0.48014999999999997,0.029699999999999997,0.0,0.48014999999999997,0.99,2.9699999999999998,0.0,0.0,0.0,0.0,0.0,0.0,0.0,0.0,34.24637,106.173,2.5596300000000003,4.800000000000001,225.0
0.96(0.99K0.5Na0.5NbO3−0.01Bi0.5Na0.5TiO3)−0.04LiSbO3,0.0,0.0,0.0,0.0,0.0,0.0,0.0,0.0,0.0,0.0,0.0,0.0,0.0,0.0,0.0,0.0,0.0,0.0,0.0,0.0,0.0,0.0,0.0,0.0,0.0,0.0,0.0,0.0,250.0
(K0.5Na0.5)0.92Li0.04Sr0.02Nb0.98Sb0.02O3,0.0,0.0,0.0,0.0,0.0,0.0,0.0,0.0,0.0,0.0,0.46,0.04,0.0,0.46,0.98,3.0,0.0,0.02,0.0,0.02,0.0,0.0,0.0,0.0,34.55389558232933,105.6706827309237,2.568714859437752,4.819277108433736,142.0
0.98[(K0.4725Na0.4725Li0.055)]0.98Ag0.02(Nb0.98Ta0.02)O3,0.0196,0.0,0.0,0.0,0.0,0.0,0.0,0.0,0.0,0.0,0.45378899999999994,0.052821999999999994,0.0,0.45378899999999994,0.9603999999999999,2.94,0.0,0.0,0.0,0.0,0.0196,0.0,0.0,0.0,34.7906081,105.66248999999999,2.5639519000000006,4.800000000000001,237.0
(K0.5Na0.5)0.82Ag0.18NbO3,0.18,0.0,0.0,0.0,0.0,0.0,0.0,0.0,0.0,0.0,0.41,0.0,0.0,0.41,1.0,3.0,0.0,0.0,0.0,0.0,0.0,0.0,0.0,0.0,37.1567,104.25,2.59698,4.8,186.0
0.955K0.35Na0.65NbO3–0.02BaZrO3–0.025Bi0.5Na0.5ZrO3 ,0.0,0.0,0.0,0.0,0.0,0.0,0.0,0.0,0.0,0.0,0.33425,0.0,0.0,0.62075,0.955,2.8649999999999998,0.0,0.0,0.0,0.0,0.0,0.0,0.0,0.0,33.9077,105.26999999999998,2.5622999999999996,4.799999999999999,345.0
(Na0.52K0.48)(Nb0.91Sb0.09)O3,0.0,0.0,0.0,0.0,0.0,0.0,0.0,0.0,0.0,0.0,0.48,0.0,0.0,0.52,0.91,3.0,0.0,0.09,0.0,0.0,0.0,0.0,0.0,0.0,34.84586,106.228,2.56754,4.8,230.0
0.98(Na0.5K0.5)NbO3−0.02BiScO3,0.0,0.0,0.0,0.0,0.0,0.0,0.0,0.0,0.0,0.0,0.49,0.0,0.0,0.49,0.98,2.94,0.0,0.0,0.0,0.0,0.0,0.0,0.0,0.0,34.391,106.5,2.5589999999999997,4.800000000000001,210.0
 0.96K0.5Na0.5NbO3-0.04CaZrO3,0.0,0.0,0.0,0.0,0.0,0.0,0.04,0.0,0.0,0.0,0.48,0.0,0.0,0.48,0.96,3.0,0.0,0.0,0.0,0.0,0.0,0.0,0.0,0.04,34.44976,106.53599999999999,2.55784,4.8,154.0
(Na0.52K0.40)(Nb0.84Sb0.08)O3−0.055LiTaO3−0.025BaZrO3,0.0,0.0,0.0,0.0,0.0,0.0,0.0,0.0,0.0,0.0,0.4,0.0,0.0,0.52,0.84,3.0,0.0,0.08,0.0,0.0,0.0,0.0,0.0,0.0,33.756198347107436,103.58677685950414,2.611487603305785,4.859504132231405,365.0
0.96K0.46Na0.54Nb0.95Sb0.05O3−0.04Bi0.5(Na0.82K0.18)0.5ZrO3,0.0,0.0,0.0,0.0,0.0,0.0,0.0,0.0,0.0,0.0,0.528,0.0,0.0,0.9119999999999999,0.9119999999999999,2.88,0.0,0.048,0.0,0.0,0.0,0.0,0.0,0.0,33.76327272727273,114.04545454545455,2.414,4.454545454545455,465.0
[(Na0.535K0.480)0.966Li0.058](Nb0.90Ta0.10)O3,0.0,0.0,0.0,0.0,0.0,0.0,0.0,0.0,0.0,0.0,0.46368,0.058,0.0,0.51681,0.9,3.0,0.0,0.0,0.0,0.0,0.1,0.0,0.0,0.0,35.7503676498316,106.42037991541119,2.5459395374407814,4.7709710647436046,268.0
0.96K0.48Na0.52NbO3−0.03Bi0.5(Na0.7K0.2Li0.1)0.5ZrO3−0.01B0.5Na0.5TiO3,0.0,0.0,0.0,0.0,0.0,0.0,0.0,0.0,0.0,0.0,0.5568,0.048,0.0,0.8351999999999999,0.96,2.88,0.0,0.0,0.0,0.0,0.0,0.0,0.0,0.0,33.442963636363636,114.01454545454544,2.4097636363636368,4.454545454545456,285.0
0.92(Na0.535K0.48)NbO3−0.08LiNbO3,0.0,0.0,0.0,0.0,0.0,0.0,0.0,0.0,0.0,0.0,0.4416,0.0,0.0,0.4922,0.92,2.7600000000000002,0.0,0.0,0.0,0.0,0.0,0.0,0.0,0.0,34.292652043868394,106.5742771684945,2.5545663010967097,4.788634097706879,280.0
0.95(K0.5Na0.5)NbO3–0.05(Bi0.5Na0.5)ZrO3–0.1ZnO,0.0,0.0,0.0,0.0,0.475,0.0,0.0,0.0,0.0,0.0,0.475,0.0,0.0,0.95,0.95,2.8499999999999996,0.0,0.0,0.0,0.0,0.0,0.0,0.0,0.0,47.99000000000001,117.25,2.3783333333333334,4.5,320.0
(Na0.50K0.47Li0.03)(Nb0.8Ta0.2)O3 + MnO2 + Li2CO3,0.0,0.0,0.0,0.0,0.0,1.0,0.0,0.0,0.0,0.0,0.47,2.03,1.0,0.5,0.8,8.0,0.0,0.0,0.0,0.0,0.2,0.0,0.0,0.0,24.959157142857144,95.58928571428571,2.5742714285714285,4.428571428571429,310.0
(Na0.535K0.485)0.95Li0.05(Nb0.8Ta0.2)O3,0.0,0.0,0.0,0.0,0.0,0.0,0.0,0.0,0.0,0.0,0.46075,0.05,0.0,0.50825,0.8,3.0,0.0,0.0,0.0,0.0,0.2,0.0,0.0,0.0,37.57023161984459,106.14161187487547,2.550206714484957,4.7856146642757516,243.0
Li0.02(Na0.55K0.45)0.98(Nb0.77Ta0.18Sb0.05)O3,0.0,0.0,0.0,0.0,0.0,0.0,0.0,0.0,0.0,0.0,0.441,0.02,0.0,0.539,0.77,3.0,0.0,0.05,0.0,0.0,0.18,0.0,0.0,0.0,37.59464200000001,105.82020000000001,2.561398,4.800000000000001,256.0
0.955K0.48Na0.52NbO3–0.01B0.5Na0.5TiO3-0.035Bi0.5(Na0.7K0.2Li0.1)0.5ZrO3,0.0,0.0,0.0,0.0,0.0175,0.0,0.0,0.0,0.0,0.0,0.4619,0.0017500000000000003,0.0,0.50885,0.955,2.9699999999999998,0.0,0.0,0.0,0.0,0.0,0.0,0.0,0.035,34.92319121212122,106.20674747474749,2.5616976767676767,4.807070707070708,310.0
0.98(K0.5Na0.5)NbO3–0.02(Bi0.5K0.5)TiO3 ,0.0,0.0,0.0,0.0,0.49,0.0,0.0,0.0,0.0,0.0,0.98,0.0,0.0,0.49,0.98,2.94,0.0,0.0,0.0,0.0,0.0,0.0,0.0,0.0,49.3325,120.66666666666664,2.3691666666666666,4.5,251.0
0.996(0.95Na0.5K0.5NbO3–0.05LiSbO3)–0.004BiFeO3,0.0,0.0,0.0,0.0,0.0,0.0,0.0,0.0,0.0,0.0,0.0,0.0,0.0,0.0,0.0,0.0,0.0,0.0,0.0,0.0,0.0,0.0,0.0,0.0,0.0,0.0,0.0,0.0,260.0
0.99(Na0.5K0.5)NbO3-0.01BiAlO3,0.0,0.01,0.0,0.0,0.01,0.0,0.0,0.0,0.0,0.0,0.495,0.0,0.0,0.495,0.99,2.9999999999999996,0.0,0.0,0.0,0.0,0.0,0.0,0.0,0.0,34.61501,106.39299999999999,2.5613099999999998,4.803999999999999,202.0
0.996[(K0.458Na0.542)0.96Li0.04](Nb0.85Ta0.15)O3–0.004BiFeO3,0.0,0.0,0.0,0.0,0.0,0.0,0.0,0.0,0.0,0.0,0.43792128,0.03984,0.0,0.51823872,0.8466,2.988,0.0,0.0,0.0,0.0,0.1494,0.0,0.0,0.0,36.709448959999996,105.73337599999999,2.5577270399999996,4.800000000000001,261.0
0.995Li0.03(Na0.53K0.48)0.97Nb0.8Ta0.2O3–0.005BiFeO3,0.0,0.0,0.0,0.0,0.0,0.0,0.0,0.0,0.0,0.0,0.46327199999999996,0.029849999999999998,0.0,0.5115295,0.796,2.985,0.0,0.0,0.0,0.0,0.199,0.0,0.0,0.0,37.67697047727409,106.16879254246761,2.5529083577858955,4.792642273988463,238.0
(K0.44Na0.52Li0.04)(Nb0.86Ta0.1Sb0.04)O3-0.025MnO2,0.0,0.0,0.0,0.0,0.0,0.0,0.0,0.0,0.0,0.0,0.44,0.04,0.025,0.52,0.86,3.05,0.0,0.04,0.0,0.0,0.1,0.0,0.0,0.0,35.956236453201974,105.34285714285716,2.565980295566503,4.798029556650246,176.0
0.96K0.48Na0.52NbO3–0.03Bi0.5(Na0.7K0.2Li0.1)0.5ZrO3–0.01B0.5Na0.5TiO3,0.0,0.0,0.0,0.0,0.0,0.0,0.0,0.0,0.0,0.0,0.5568,0.048,0.0,0.8351999999999999,0.96,2.88,0.0,0.0,0.0,0.0,0.0,0.0,0.0,0.0,33.442963636363636,114.01454545454544,2.4097636363636368,4.454545454545456,285.0
0.994(K0.44Na0.52Li0.04)(Nb0.84Ta0.1Sb0.06)O3 − 0.006BiFeO3 ,0.0,0.0,0.0,0.0,0.0,0.0,0.0,0.0,0.0,0.0,0.43736,0.039760000000000004,0.0,0.51688,0.8349599999999999,2.982,0.0,0.05964,0.0,0.0,0.0994,0.0,0.0,0.0,36.17627999999999,105.664,2.5641200000000004,4.800000000000001,246.0
0.96(K0.5Na0.5)0.95Li0.05Nb0.93Sb0.07O3–0.04CaZrO3 ,0.0,0.0,0.0,0.0,0.0,0.0,0.0,0.0,0.0,0.0,0.45599999999999996,0.048,0.0,0.45599999999999996,0.8928,2.88,0.0,0.06720000000000001,0.0,0.0,0.0,0.0,0.0,0.0,34.55385,105.871,2.56635,4.8,420.0
0.96K0.48Na0.52Nb0.95Sb0.05O3–0.04(Bi0.5Ag0.5)(Zr0.9Hf0.1)O3 ,0.48,0.0,0.0,0.0,0.48,0.0,0.0,0.0,0.096,0.0,0.4608,0.0,0.0,0.4992,0.9119999999999999,2.88,0.0,0.048,0.0,0.0,0.0,0.0,0.0,0.864,61.63532857142856,120.18285714285715,2.3031,4.428571428571429,510.0
Li0.05(Na0.515K0.485)0.95Nb0.8Ta0.2O3-BiFeO3,0.0,0.0,0.0,0.0,1.0,0.0,0.0,1.0,0.0,0.0,0.46075,0.05,0.0,0.48924999999999996,0.8,6.0,0.0,0.0,0.0,0.0,0.2,0.0,0.0,0.0,50.095818249999994,99.119075,2.69518175,4.9,200.0
0.95(Na0.49K0.5)NbO2.995-0.05SrTiO3,0.0,0.0,0.0,0.0,0.0,0.0,0.0,0.0,0.0,0.0,0.475,0.0,0.0,0.46549999999999997,0.95,2.99525,0.0,0.0,0.0,0.05,0.0,0.05,0.0,0.0,34.54592488592488,106.48809105951965,2.5614150328436045,4.8060973775259495,220.0
0.76K0.5Na0.5NbO3–0.24AgNbO3,0.0,0.0,0.0,0.0,0.0,0.0,0.0,0.0,0.0,0.0,0.38,0.0,0.0,0.38,0.76,2.2800000000000002,0.0,0.0,0.0,0.0,0.0,0.0,0.0,0.0,34.391,106.49999999999999,2.5589999999999997,4.8,162.0
0.82K0.5Na0.5NbO3–0.18AgNbO3,0.0,0.0,0.0,0.0,0.0,0.0,0.0,0.0,0.0,0.0,0.41,0.0,0.0,0.41,0.82,2.46,0.0,0.0,0.0,0.0,0.0,0.0,0.0,0.0,34.391000000000005,106.5,2.5590000000000006,4.800000000000001,186.0
 Li0.02(Na0.53K0.48)0.98Nb0.8Ta0.2O3-0.05AgSbO3,0.05,0.0,0.0,0.0,0.0,0.0,0.0,0.0,0.0,0.0,0.4704,0.02,0.0,0.5194,0.8,3.15,0.0,0.05,0.0,0.0,0.2,0.0,0.0,0.0,38.57027757709418,105.63694437050839,2.567278223506597,4.79291988288528,265.0
K0.5Na0.5Nb0.95Ta0.05O3,0.0,0.0,0.0,0.0,0.0,0.0,0.0,0.0,0.0,0.0,0.5,0.0,0.0,0.5,0.95,3.0,0.0,0.0,0.0,0.0,0.05,0.0,0.0,0.0,35.27140000000001,106.5,2.558,4.8,89.0
0.955(K0.42Na0.58)(Nb0.96Sb0.04)O3–0.045(Bi0.5K0.5)0.90Zn0.10ZrO3 ,0.0,0.0,0.0,0.0,0.42974999999999997,0.0,0.0,0.0,0.0,0.0,0.83085,0.0,0.0,0.5539,0.9168,2.8649999999999998,0.0,0.0382,0.0,0.0,0.0,0.0,0.0,0.0,48.04342372881356,118.86949152542374,2.389796610169492,4.52542372881356,416.0
0.92(Na0.5K0.5)NbO3-0.02(Bi0.5Li0.5)TiO3-0.06BaZrO3,0.0,0.0,0.0,0.06,0.01,0.0,0.0,0.0,0.0,0.0,0.46,0.01,0.0,0.46,0.92,3.0000000000000004,0.0,0.0,0.0,0.0,0.0,0.02,0.0,0.06,35.77364000000001,106.64800000000004,2.5582000000000007,4.804000000000001,350.0
0.96K0.48Na0.52NbO3-0.04Bi0.5(Na0.925Li0.075)0.5ZrO3,0.0,0.0,0.0,0.0,0.02,0.0,0.0,0.0,0.0,0.0,0.4608,0.0015,0.0,0.5176999999999999,0.96,3.0,0.0,0.0,0.0,0.0,0.0,0.0,0.0,0.04,34.9903226,106.16036,2.5620774,4.808,242.0
0.96(K0.48Na0.52)(Nb0.97Sb0.03)O3−0.04Bi0.5(Na0.82K0.18)0.5ZrO3,0.0,0.0,0.0,0.0,0.0,0.0,0.0,0.0,0.0,0.0,0.5471999999999999,0.0,0.0,0.8927999999999999,0.9311999999999999,2.88,0.0,0.0288,0.0,0.0,0.0,0.0,0.0,0.0,33.716945454545446,114.21636363636364,2.411963636363636,4.454545454545454,440.0
0.92(Na0.51K0.46Li0.03)NbO3–0.02Bi0.5K0.5TiO3–0.06BaZrO3,0.0,0.0,0.0,0.0,0.0,0.0,0.0,0.0,0.0,0.0,0.4232,0.0276,0.0,0.4692,0.92,2.7600000000000002,0.0,0.0,0.0,0.0,0.0,0.0,0.0,0.0,34.16582,105.96799999999999,2.56018,4.8,253.0
 0.948(K0.5Na0.5)NbO3–0.052LiSbO3,0.0,0.0,0.0,0.0,0.0,0.0,0.0,0.0,0.0,0.0,0.474,0.0,0.0,0.474,0.948,2.844,0.0,0.0,0.0,0.0,0.0,0.0,0.0,0.0,34.391,106.49999999999999,2.5589999999999997,4.800000000000001,265.0
0.935(K0.4Na0.6)NbO3–0.02CaZrO3–0.045Bi0.5Na0.5HfO3,0.0,0.0,0.0,0.0,0.0,0.0,0.0,0.0,0.0,0.0,0.37400000000000005,0.0,0.0,0.561,0.935,2.805,0.0,0.0,0.0,0.0,0.0,0.0,0.0,0.0,34.068799999999996,105.67999999999999,2.5612,4.800000000000001,320.0
K0.5Na0.5NbO3-0.003Pr,0.0,0.0,0.0,0.0,0.0,0.0,0.0,0.0,0.0,0.0,0.5,0.0,0.0,0.5,1.0,3.0,0.003,0.0,0.0,0.0,0.0,0.0,0.0,0.0,34.45487307615431,106.54527283629822,2.558143114131521,4.798920647611433,108.4
0.965K0.45Na0.55Nb0.96Sb0.04O3-0.035（Bi0.75Pr0.25）0.5Na0.5HfO3,0.0,0.0,0.0,0.0,0.0,0.0,0.0,0.0,0.0,0.0,0.43424999999999997,0.0,0.0,0.53075,0.9263999999999999,2.895,0.0,0.0386,0.0,0.0,0.0,0.0,0.0,0.0,34.460699999999996,106.04199999999999,2.5637,4.8,480.0
0.9575(K0.48Na0.52)(Nb0.95Sb0.05)O3-0.0425Bi0.5Ag0.5ZrO3,0.02125,0.0,0.0,0.0,0.02125,0.0,0.0,0.0,0.0,0.0,0.4596,0.0,0.0,0.4979,0.909625,3.0,0.0,0.047875,0.0,0.0,0.0,0.0,0.0,0.0425,35.67390244999999,105.92426999999998,2.57078505,4.8084999999999996,490.0
0.96(K0.48Na0.52) (Nb0.955Sb0.045)O3-0.04(Bi0.5Ag0.5)ZrO3,0.02,0.0,0.0,0.0,0.02,0.0,0.0,0.0,0.0,0.0,0.4608,0.0,0.0,0.4992,0.9168,3.0,0.0,0.043199999999999995,0.0,0.0,0.0,0.0,0.0,0.04,35.5839216,105.95071999999998,2.5699504,4.808000000000001,555.0
0.91(K0.48Na0.52)NbO3-0.04(Bi0.5Na0.5)ZrO3-0.05AgSbO3,0.05,0.0,0.0,0.0,0.02,0.0,0.0,0.0,0.0,0.0,0.4368,0.0,0.0,0.4932,0.91,3.0,0.0,0.05,0.0,0.0,0.0,0.0,0.0,0.04,36.055109599999994,105.49376,2.5770904000000003,4.808,500.0
0.96(Na0.60K0.40)(Nb0.955Sb0.045)O3−0.04(Bi0.5Na0.5)ZrO3,0.0,0.0,0.0,0.0,0.48,0.0,0.0,0.0,0.0,0.0,0.384,0.0,0.0,1.056,0.9168,2.88,0.0,0.043199999999999995,0.0,0.0,0.0,0.0,0.0,0.0,47.93787500000001,116.52166666666669,2.383541666666667,4.500000000000001,450.0
0.96(Na0.60K0.40)(Nb0.955Sb0.045)O3−0.04(Bi0.5Na0.5)0.95Ba0.05ZrO3,0.0,0.0,0.0,0.0,0.45599999999999996,0.0,0.0,0.0,0.0,0.0,0.384,0.0,0.0,1.032,0.9168,2.88,0.0,0.043199999999999995,0.0,0.0,0.0,0.0,0.0,0.0,47.36605042016807,116.0638655462185,2.3911764705882357,4.5126050420168085,500.0
0.96(Na0.60K0.40)(Nb0.955Sb0.045)O3−0.04(Bi0.5Na0.5)0.90Ba0.1ZrO3,0.0,0.0,0.0,0.0,0.432,0.0,0.0,0.0,0.0,0.0,0.384,0.0,0.0,1.008,0.9168,2.88,0.0,0.043199999999999995,0.0,0.0,0.0,0.0,0.0,0.0,46.784533898305085,115.59830508474576,2.3989406779661016,4.52542372881356,505.0
0.944K0.48Na0.52Nb0.95Sb0.05O3-0.04Bi0.5(Na0.82K0.18)0.5ZrO3-0.016AgSbO3-0.004Fe2O3,0.016,0.0,0.0,0.0,0.02,0.0,0.0,0.008,0.0,0.0,0.45671999999999996,0.0,0.0,0.50728,0.8967999999999999,3.012,0.0,0.0632,0.0,0.0,0.0,0.0,0.0,0.04,35.603617370517924,105.84906772908364,2.5719364143426295,4.806374501992032,650.0
0.965(K0.48Na0.52)(Nb0.95Sb0.05)O3–0.035Bi0.5(Na0.82K0.18)0.5HfO3,0.0,0.0,0.0,0.0,0.0,0.0,0.0,0.0,0.0,0.0,0.5500499999999999,0.0,0.0,0.8974499999999999,0.91675,2.895,0.0,0.04825,0.0,0.0,0.0,0.0,0.0,0.0,33.82185454545454,114.19454545454542,2.4136,4.454545454545455,525.0
0.95K0.6Na0.4Nb0.965Sb0.035O3-0.02BaZrO3-0.03Bi0.5K0.5HfO3,0.0,0.0,0.0,0.02,0.015,0.0,0.0,0.0,0.03,0.0,0.585,0.0,0.0,0.38,0.91675,2.9999999999999996,0.0,0.03325,0.0,0.0,0.0,0.0,0.0,0.02,36.378772500000004,107.34510000000002,2.5603525,4.806,570.0
0.964K0.4Na0.6Nb0.955Sb0.045O3−0.006BiFeO3−0.03Bi0.5Na0.5ZrO3,0.0,0.0,0.0,0.0,0.0,0.0,0.0,0.0,0.0,0.0,0.3856,0.0,0.0,0.5783999999999999,0.9206199999999999,2.892,0.0,0.043379999999999995,0.0,0.0,0.0,0.0,0.0,0.0,34.328450000000004,105.62599999999999,2.5652500000000007,4.800000000000001,550.0
0.97(K0.48Na0.52)(Nb0.96Sb0.04)O3-0.03(Bi0.5K0.5)0.7Ca0.3ZrO3,0.0,0.0,0.0,0.0,0.010499999999999999,0.0,0.009,0.0,0.0,0.0,0.47609999999999997,0.0,0.0,0.5044,0.9311999999999999,3.0,0.0,0.0388,0.0,0.0,0.0,0.0,0.0,0.03,34.94907119999999,106.29825999999996,2.5638127999999996,4.804199999999999,430.0
